{"cameraMode":{"drawMode":0,"name":"Shaded","section":"Shading Mode"},"sceneLighting":true,"audioPlay":false,"sceneViewState":{"showFog":true,"showMaterialUpdate":false,"showSkybox":true,"showFlares":true,"showImageEffects":true,"showParticleSystems":true},"in2DMode":false,"pivot":{"x":1.8368911743164063,"y":1.273550033569336,"z":-1.7901811599731446},"rotation":{"x":-0.12607339024543763,"y":0.5065277814865112,"z":-0.07516103982925415,"w":-0.8496397733688355},"size":26.468568801879884,"orthographic":false}