{"cameraMode":{"drawMode":0,"name":"Shaded","section":"Shading Mode"},"sceneLighting":true,"audioPlay":false,"sceneViewState":{"showFog":true,"showMaterialUpdate":false,"showSkybox":true,"showFlares":true,"showImageEffects":true,"showParticleSystems":true},"in2DMode":false,"pivot":{"x":-0.15328097343444825,"y":0.8072981834411621,"z":0.039366722106933597},"rotation":{"x":0.026059290394186975,"y":0.5729852914810181,"z":-0.01823282241821289,"w":0.8189528584480286},"size":22.0,"orthographic":false}